name,address,website,contain_keyword,phone_number,reviews_count,reviews_average
Ego Pharmaceuticals (Indonesia),"Grand Slipi Tower Lt.9, Jl. Letjen S. Parman No.Kav 22-24 Unit G, RT.1/RW.4, Palmerah, Kec. Palmerah, Kota Jakarta Barat, Daerah Khusus Ibukota Jakarta 11480",egopharm.com,Yes,(021) 8066900,,
Pentalogic Indonesia,"Grand Slipi Tower, Gedung, Jl. Letjen S. Parman No.Kav. 22 - 24 Unit G-H, RT.1/RW.4, Palmerah, Daerah Khusus Ibukota Jakarta 11480",,No,(021) 29601595,,
PT. Tri Solusi Telematika,"Grand Slipi Tower Level 42G-H, Jl. Letjen S. Parman kav 22-24, Kec. Palmerah, Daerah Khusus Ibukota Jakarta 11480",,No,,1,5.0
Kluege Technology Integrasi. PT,"Grand Slipi Tower No. 48, JL. Letnan Jenderal S. Parman, Kavling 22-24, RT.1/RW.7, RT.1/RW.4, Palmerah, West Jakarta City, Jakarta 11440",,No,(021) 29022330,1,1.0
ISYS - Integrated Synergy System,"Jl. S. Parman Kav. 22-24, Grand Slipi Tower #42C, RT.1/RW.4, Palmerah, Jakarta, RT.1/RW.4, Palmerah, Kec. Palmerah, DKI Jakarta, Daerah Khusus Ibukota Jakarta 11480",isysedge.com,Yes,(021) 29865840,8,4.8
PT Masterjaya Infotama Solusi,"Grand Slipi Tower, Jl. Letjen S. Parman No.Kav 22-24 Level 42 G-H, Palmerah, Kec. Palmerah, Kota Jakarta Barat, Daerah Khusus Ibukota Jakarta 11480",,No,,,
PT TEKNODIGITAL SOLUSI INDONESIA,"CHR Office, Grand Slipi Tower, Jl.Jend.S.Parman No.Kav 22-24 Lt.9 Unit O, Palmerah, Kec. Palmerah, Kota Jakarta Barat, Daerah Khusus Ibukota Jakarta 11480",,No,0812-9889-5566,,
PT. MicroChannel Indonesia Operations,"Wisma Slipi, Wisma Slipi, 12th floor, Jl. Letjen S. Parman No.Kav. 12, RT.12/RW.1, Kemanggisan, Kec. Palmerah, Kota Jakarta Barat, Daerah Khusus Ibukota Jakarta 11480",microchannel.asia,Yes,(021) 53661945,10,4.2
PT. Mediatama Solusindo Teknologi,"Grand Slipi Tower, 5th Floor, Jl. Letjen S. Parman No.Kav. 22-24, RT.1/RW.4, Palmerah, Kec. Palmerah, Kota Jakarta Barat, Daerah Khusus Ibukota Jakarta 11480",,,(021) 29866319,,
PT B2BE SOLUTIONS INDONESIA,"Grand Slipi Tower Lantai 9th Unit G Jl. Letjen. S. Parman Kav. 22-24 Palmerah, Kota Adm Jakarta Barat, Jakarta, Jawa Tengah 11480",b2be.com,Yes,(021) 80660919,,
PT. Ivatama Teknologi - Grand Tower Slipi LT.19,"Jl. Letjen S. Parman No.22 1, RT.1/RW.4, Palmerah, Kec. Palmerah, Kota Jakarta Barat, Daerah Khusus Ibukota Jakarta 11480",ivteknologi.com,Yes,(021) 29252301,5,5.0
PT Quantum Inventions Indonesia,"Jl. K.S. Tubun No.85, RT.9/RW.5, Slipi, Kec. Palmerah, Kota Jakarta Barat, Daerah Khusus Ibukota Jakarta 11410",quantuminventions.com,Yes,(021) 5302752,27,4.8
Venation,"PriOffice, Grand Slipi Tower Lantai 5 Unit F, Jl. Letjen S. Parman No.Kav. 22-24, RT.1/RW.4, Palmerah, Kec. Palmerah, Kota Jakarta Barat, Daerah Khusus Ibukota Jakarta 11480",venation.io,Yes,(021) 29866319,2,5.0
Satria Group,"Jl. Letjen S Parman Kav 77 Slipi Palmerah Jakarta Barat DKI Jakarta, RT.6/RW.3, Slipi, Kec. Palmerah, Kota Jakarta Barat, Daerah Khusus Ibukota Jakarta 11410",satriagroup.co.id,Yes,(021) 5363138,2,5.0
InCorp Indonesia (formerly Cekindo) Slipi,"Grand Slipi Tower, l Jl. Letjen S. Parman No.24 9th floor, RT.1/RW.4, Palmerah, Kec. Palmerah, Kota Jakarta Barat, Daerah Khusus Ibukota Jakarta 11480",cekindobusinesscenter.com,Yes,(021) 80660900,30,4.7
PT. Rohto Laboratories Indonesia,"Wisma Barito Pacific, Tower B Lantai 7, Letjen S. Parman St Kav. 62-63, RT.8/RW.4, Slipi, Palmerah, West Jakarta City, Jakarta 11410",rohto.co.id,Yes,(021) 53669091,11,4.2
PT. Imagi Mediacore Asia,"Grand Slipi Tower RT.1/RW.4, Palmerah, lt.42G-42H, Jl. Tol S. Parman No.Kav. 22-24, Slipi, Kec. Palmerah, Kota Jakarta Barat, Daerah Khusus Ibukota Jakarta 11480",,No,0812-1291-115,,
Lautan Otsuka Chemical,"Jl. Aipda K.S. Tubun No.77 Slipi Palmerah Jakarta Barat DKI Jakarta RT.14, Lt 5, RT.14/RW.5, Slipi, Kec. Palmerah, Daerah Khusus Ibukota Jakarta 11410",lautanotsuka.com,Yes,(021) 53671250,2,4.5
sa.global Indonesia,"Menara Citicon Lt. 10 Ruang 10D, Jl. Letjen S. Parman Kav. 72, Kota Jakarta Barat, Daerah Khusus Ibukota Jakarta 11410",saglobal.com,Yes,(021) 29101095,1,5.0
PT.Corsa Industries,"Jl. KS Tubun IIC No.1 6, RT.6/RW.1, Slipi, Kec. Palmerah, Kota Jakarta Barat, Daerah Khusus Ibukota Jakarta 11410",,No,(0622) 15480408,1,1.0
Slipi,"RR42+GJ5, Slipi, Palmerah, West Jakarta City, Jakarta",,,,,
PT. Artha Mulia Trijaya,"Grand Slipi Tower 23rd Floor, Jl. Letjen S. Parman LOBBY UNIT L, RT.1/RW.4, Palmerah, Kec. Palmerah, Kota Jakarta Barat, Daerah Khusus Ibukota Jakarta 11480",amt-it.com,Yes,(021) 29022508,25,4.5
PT. INFINITY INFORMATION TECHNOLOGY,"Gedung Grand Slipi Lt. 9, Jl. Letjen S. Parman Kav. 22-24, Pal Merah, Kec. Palmerah, Daerah Khusus Ibukota Jakarta",,,0821-7185-6744,1,5.0
Mashida Internasional Blockchain,"CHR Office, Grand Slipi Tower, Jl. Letjen S. Parman No.Kav 22-24 Lantai 9 Unit O, Palmerah, Kec. Palmerah, Kota Jakarta Barat, Daerah Khusus Ibukota Jakarta 11480",,No,0858-9282-4600,,
Soedarpo Informatika,"Jl. Letjen S Parman Kav 35 Slipi Palmerah Jakarta Barat, RT.2/RW.3, Kemanggisan, Kec. Palmerah, Kota Jakarta Barat, Daerah Khusus Ibukota Jakarta 11480",soedarpo.id,Yes,(021) 5307833,,
Saputra Global Harvest,"The Capitol Building 1st FLoor, Jalan Letjen S.Parman Kav 73, Slipi, RT.4/RW.3, Slipi, Kec. Palmerah, Kota Jakarta Barat, Daerah Khusus Ibukota Jakarta 11410",,No,0812-3900-6060,,
Wacker Chemicals SA Pte Ltd,"Jl. Aipda K.S. Tubun No.77 Slipi Palmerah Jakarta Barat DKI Jakarta, RT.14/RW.5, Slipi, Kec. Palmerah, Kota Jakarta Barat, Daerah Khusus Ibukota Jakarta 11410",wacker.com,Yes,(021) 53671278,1,5.0
PT. Makmur Meta Graha Dinamika (Head Office),"Wisma 77 Tower 2, Jl. Letjen S. Parman No.77, RT.6/RW.3, Slipi, Kec. Palmerah, Kota Jakarta Barat, Daerah Khusus Ibukota Jakarta 11410",makmurmeta.co.id,Yes,(021) 29675888,11,4.6
PT Cohesive Indonesia Group,"Citicon Tower, Slipi, Palmerah, West Jakarta City, Jakarta 11410",cohesivegroup.com,Yes,(021) 29866068,23,4.9
PT PKG Lautan Indonesia,"Graha Indramas, Jl. K.S. Tubun No.77 Lantai 5, RT.14/RW.5, Slipi, Kec. Palmerah, Kota Jakarta Barat, Daerah Khusus Ibukota Jakarta 11410",lautan-luas.com,Yes,(021) 53673269,1,5.0
PT Navita Origo Solutions,"Grand Slipi Tower, Jl. Letjen S. Parman No.22 - 24 Lantai 9, RT.1/RW.4, Palmerah, Kec. Palmerah, Kota Jakarta Barat, Daerah Khusus Ibukota Jakarta 11480",navitaorigo.co.id,Yes,(021) 29021898,8,5.0
PT. Kluege International,"Grand Slipi Tower, Jl. Letjen S. Parman No.22 - 24 Lantai 48, RT.1/RW.4, Palmerah, Kec. Palmerah, Kota Jakarta Barat, Daerah Khusus Ibukota Jakarta 11480",,No,(021) 29022330,10,4.6
UNISON KARYATAMA,"Grand Slipi Tower, Jl. Letjen S. Parman No.1, RT.1/RW.4, Palmerah, Kec. Palmerah, Kota Jakarta Barat, Daerah Khusus Ibukota Jakarta 11480",,,,,
Tri Banyan Tirta,"Jl. Perjuangan No.1, RT.5/RW.4, Slipi, Kec. Palmerah, Kota Jakarta Barat, Daerah Khusus Ibukota Jakarta 11410",,No,(021) 5300689,,
PT. Global Esa Solusi,"Grand Slipi Tower, Jl. Letjen S. Parman No.Kav. 22 - 24 lt. 5 Unit F, Palmerah, Kec. Palmerah, Kota Jakarta Barat, Daerah Khusus Ibukota Jakarta 11480",,No,0817-719-902,,
PT. Linbox Teknologi Indonesia,"CHR Office, Grand Slipi Tower, Jl. Letjen S. Parman No.Kav. 22-24 Lt. 9, Palmerah, Kec. Palmerah, Kota Jakarta Barat, Daerah Khusus Ibukota Jakarta 11480",,No,0811-8180-185,,
Play Ground Packaging Djarum,,,,0813-1086-0473,,
Linkup,"Lantai 42, Grand Slipi Tower, Jl. Letjen S. Parman, Slipi, Kec. Palmerah, Kota Jakarta Barat, Daerah Khusus Ibukota Jakarta 11480",,No,,,
PT Georg Fischer Trading Indonesia (Sales & Marketing Office),"Letjen S. Parman St No.77, Slipi, Palmerah, West Jakarta City, Jakarta 11410",,No,(0267) 432044,1,5.0
REKAYASA ENJINIRING,"CHR Office, Grand Slipi Tower Lt. 9 Unit O, RT.1/RW.4, Palmerah, Kec. Palmerah, Kota Jakarta Barat, Daerah Khusus Ibukota Jakarta 11480",,,0822-3100-0097,1,5.0
KarbonHealth,"Jl. KS Tubun IIC No.4 4, RT.6/RW.1, Slipi, Kec. Palmerah, Jakarta, Daerah Khusus Ibukota Jakarta 11410",,,0877-8519-0322,,
PT. Jofbiltraco Semesta,"Jl. K.S. Tubun No.81 B, RT.9/RW.5, Slipi, Kec. Palmerah, Kota Jakarta Barat, Daerah Khusus Ibukota Jakarta 11210",,No,(021) 5346270,1,5.0
PT SUPLINDO LAUTAN ABADI,"CHR OFFICE, GEDUNG GRAND SLIPI TOWER LT 9 UNIT O, Jl. Letjen S. Parman No.KAV 22-24, RT.1/RW.4, Palmerah, Kec. Palmerah, KOTA ADM. JAKARTA BARAT, Daerah Khusus Ibukota Jakarta 11480",,,,,
Kbgb slipikatamso,"Jl ks tubun 2c blok d no 47n, RT.4/RW.1, Slipi, Kec. Palmerah, Kota Jakarta Barat, Daerah Khusus Ibukota Jakarta 11410",,,0857-7261-1964,1,5.0
periQitiwshop,"Jl. G1 No.1, RT.11/RW.3, Slipi, Kec. Palmerah, Kota Jakarta Barat, Daerah Khusus Ibukota Jakarta 11410",,,0877-8845-1661,,
PT. Rekayasa Aplikasi Digital (RekapDigital),"Grand Slipi Tower, Jl. Letjen S. Parman No.1 Lantai 42GH, RT.1/RW.4, Palmerah, Kec. Palmerah, Kota Jakarta Barat, Daerah Khusus Ibukota Jakarta 11480",,,(021) 82752561,1,5.0
Digital Startup Nusantara Pt,"No.8, Jl. KS Tubun IIC, RT.2/RW.1, Slipi, Kec. Palmerah, Kota Jakarta Barat, Daerah Khusus Ibukota Jakarta 11410",,,,,
Asia Warna,"Letjen S. Parman St No.14, RT.10/RW.4, Slipi, Palmerah, West Jakarta City, Jakarta 11410",,,(021) 5329518,,
2C2P Indonesia,"Citicon Tower, Jl. Letjen S. Parman No.kav 72 6th floor, unit A, RT.6/RW.14, Kb. Baru, Jakarta, Kota Jakarta Selatan, Daerah Khusus Ibukota Jakarta 11410",,No,,3,4.3
PriOffice - Grand Slipi Tower(Virtual Office|Service Office|Meeting Room),"Grand Slipi Tower, Letjen S. Parman St No.Kav. 22-24 Lantai 5 Unit F, Palmerah, West Jakarta City, Jakarta 11480",,No,(021) 29866319,31,4.7
PT. Chandra Asri Petrochemical,"Wisma Barito Pacific, Jl. Letjen S. Parman No.Kav. 62 - 63 1, RT.8/RW.4, Slipi, Kec. Palmerah, Kota Jakarta Barat, Daerah Khusus Ibukota Jakarta 11480",,,(021) 5307950,33,4.0
PT.MECOSIN INDONESIA,"Jl. Palmerah Utara No.14 1, RT.1/RW.5, Palmerah, Kec. Palmerah, Kota Jakarta Barat, Daerah Khusus Ibukota Jakarta 11480",,,,1,5.0
PT. Merkle Inovasi Teknologi,"Soho Capital 32 Floor - Unit 7, Jl. Letjen S. Parman No.Kav.28, RT.12/RW.1, Kemanggisan, Kec. Palmerah, Kota Jakarta Barat, Daerah Khusus Ibukota Jakarta 11470",,,(021) 80604261,1,5.0
PT Langit Kreasi Solusindo (LKS),,,No,0811-1237-916,,
Bintang,"Jalan G2 Nomer 2G, RT.3/RW.2, Slipi, Kec. Palmerah, Kota Jakarta Barat, Daerah Khusus Ibukota Jakarta 11410",,,,,
Mimo Pay,"Wisma Barito Pacific - Tower A, 6th Floor, Jl. Letjen S. Parman No.Kav 62-63, RT.8/RW.4, Slipi, Kec. Palmerah, Kota Jakarta Barat, Daerah Khusus Ibukota Jakarta 11410",,,(021) 5344838,1,5.0
PT Software Information System Nusantara,"Grand Slipi Tower 18th Floor, Jl Jend S Parman Kav 22-24, RT.1/RW.4, Palmerah, Kec. Palmerah, Jakarta, Daerah Khusus Ibukota Jakarta 11480",,No,(021) 29252295,1,5.0
Halisa,"Letjen S. Parman St Blok G No.Kav 67, RT.10/RW.4, Slipi, Palmerah, West Jakarta City, Jakarta 11410",,,(021) 5306448,,
Multi Indo Panels,"Jl. Letjen S. Parman Jl. G No.Kav 62-63 8, RT.8/RW.4, Slipi, Kec. Palmerah, Kota Jakarta Barat, Daerah Khusus Ibukota Jakarta 11410",,,(021) 5306040,,
Java Mutlimedia International,"Le Orchid, A9 Jl. Anggrek Cendrawasih V No.7, Kemanggisan, Kec. Palmerah, Kota Jakarta Barat, Daerah Khusus Ibukota Jakarta 11480",,,0812-2681-1130,,
Hutan Kusuma. PT,"Jl Letjen S Parman Kav 67 Slipi Palmerah Jakarta Barat DKI Jakarta, RT.10/RW.4, Slipi, Kec. Palmerah, Kota Jakarta Barat, Daerah Khusus Ibukota Jakarta 11410",,,(021) 5306448,,
Pt. Integrasi Data Nusantara,"No. 12 A, Jl. Anggrek Rosliana, RT.9/RW.3, Kemanggisan, Palmerah, West Jakarta City, Jakarta 11480",,,,1,5.0
PT Septi Duta Insan,"Grand Slipi Tower, Palmerah, Kec. Palmerah, Kota Jakarta Barat, Daerah Khusus Ibukota Jakarta 11450",,,0812-6888-8239,1,5.0
PD Citra Rahayu Konveksi Jakarta,"Jl. Ks. Tubun III Dalam No.3 10, RT.3/RW.7, Slipi, Kec. Palmerah, Kota Jakarta Barat, Daerah Khusus Ibukota Jakarta 11410",,,0856-9744-5994,1,5.0
Haru Setia Prima Slipi,"Jl. G1 rt.005/03 no.29, RT.5/RW.3, Slipi, Kec. Palmerah, Kota Jakarta Barat, Daerah Khusus Ibukota Jakarta 11410",,No,0813-9828-7202,23,4.9
PT Sinomast Mining Technology,"Graha Indramas, Jl. K.S. Tubun No.77 Lantai 2, RT.14/RW.5, Slipi, Kec. Palmerah, Kota Jakarta Barat, Daerah Khusus Ibukota Jakarta 11410",,,(021) 53673273,,
PT. Duta Putra Service,"Jl. Aipda KS Tubun IV 1 Slipi Palmerah Jakarta Barat DKI Jakarta, RT.2/RW.4, Petamburan, Kecamatan Tanah Abang, Kota Jakarta Pusat, Daerah Khusus Ibukota Jakarta 11410",,,(021) 5493228,,
INSAN people group,"Grand Slipi Tower, Jl. Letjen S. Parman No.1 1, RT.1/RW.4, Palmerah, Kec. Palmerah, Kota Jakarta Barat, Daerah Khusus Ibukota Jakarta 11480",,,(021) 29022551,,
CODACO,"Grand Slipi Tower, kav.22-24, Jl. Letjen S. Parman, RT.1/RW.4, Slipi, Kec. Palmerah, Kota Jakarta Barat, Daerah Khusus Ibukota Jakarta 11480",,,(021) 29222965,1,4.0
JBD Holdings Inc - Jakarta,"Grand Slipi Tower, Jalan Jend. S. Parman No.22-24 LT. 47, RT.1/RW.4, Palmerah, Kec. Palmerah, Kota Jakarta Barat, Daerah Khusus Ibukota Jakarta 11480",,,(021) 5362977,,
Hidup Selaras Sejati,"Komplek Grawisa, RT.5/RW.4, Slipi, Kec. Palmerah, Kota Jakarta Barat, Daerah Khusus Ibukota Jakarta 11410",,,(021) 5662864,1,5.0
GABI,"Grand Slipi Tower, Letjen S. Parman St No.1 Lt. 35, RT.1/RW.4, Palmerah, West Jakarta City, Jakarta 11480",,,(021) 50111319,,
TIKOMTEK,"Grand Slipi Tower Lt. 42 Unit 22 GH, Jl. Letjen S. Parman No.1 4, RT.1/RW.4, Palmerah, Kec. Palmerah, Kota Jakarta Barat, Daerah Khusus Ibukota Jakarta 11480",,,0812-9161-0013,1,5.0
BETZ BABY,"Jl. Moh. Saleh, RT.5/RW.2, Slipi, Kec. Palmerah, Kota Jakarta Barat, Daerah Khusus Ibukota Jakarta 11410",,,0821-2876-5847,,
PEMPEK FROZEN SLIPI,"Jl. Anggrek Neli Murni II No.Blok C, RT.10/RW.1, Kemanggisan, Jakarta, Kota Jakarta Barat, Daerah Khusus Ibukota Jakarta 11480",,,0815-8827-314,1,5.0
